src_files	dst_files	src	dst
132	130	python_xgboost_shap/output	clients/python_xgboost_shap/results/output
6	6	kangwenzhong/efs123	clients/kangwenzhong/results/efs123
27	26	kangwenzhong/efs1234	clients/kangwenzhong/results/efs1234
26	25	kangwenzhong/efs1234_resampling_10	clients/kangwenzhong/results/efs1234_resampling_10
26	26	kangwenzhong/efs1234_resampling_5	clients/kangwenzhong/results/efs1234_resampling_5
27	26	kangwenzhong_delete_RE_15/efs1234	clients/kangwenzhong_delete_RE_15/results/efs1234
35	35	kangwenzhong_delete_RE_15/efs_test_0.5	clients/kangwenzhong_delete_RE_15/results/efs_test_0.5
35	35	kangwenzhong_delete_RE_15/efs_test_youden	clients/kangwenzhong_delete_RE_15/results/efs_test_youden
27	27	kangwenzhong_delete_RE_15/efs_test_youden_final	clients/kangwenzhong_delete_RE_15/results/efs_test_youden_final
32	32	kangwenzhong_delete_RE_15/efs_test_youden_final2	clients/kangwenzhong_delete_RE_15/results/efs_test_youden_final2
32	32	kangwenzhong_delete_RE_15/efs_test_youden_final4	clients/kangwenzhong_delete_RE_15/results/efs_test_youden_final4
25	25	lina_valid/efs123	clients/lina_valid/results/efs123
26	26	lina_valid/efs123-15features	clients/lina_valid/results/efs123-15features
25	25	lina_valid/efs123_20250409	clients/lina_valid/results/efs123_20250409
36	36	lina_valid/efs678	clients/lina_valid/results/efs678
33	33	lina_valid/外部验证测试	clients/lina_valid/results/外部验证测试
25	25	wangxueping/efs123_no_unif	clients/wangxueping/results/efs123_no_unif
25	25	wangxueping/efs123_resample5s	clients/wangxueping/results/efs123_resample5s
6	6	wangxueping/efs678	clients/wangxueping/results/efs678
6	6	wangxueping_alltax/efs123	clients/wangxueping_alltax/results/efs123
26	26	wangxueping_alltax/efs678	clients/wangxueping_alltax/results/efs678
26	26	wangxueping_alltax2/efs123_5_5_5_split_0.8	clients/wangxueping_alltax2/results/efs123_5_5_5_split_0.8
6	6	wangxueping_alltax2/efs123_5_5_5_split_2_3	clients/wangxueping_alltax2/results/efs123_5_5_5_split_2_3
5	5	wangxueping_alltax2/efs123_origin	clients/wangxueping_alltax2/results/efs123_origin
10	10	wangxueping_alltax2/efs678	clients/wangxueping_alltax2/results/efs678
6	6	wangxueping_alltax2/efs678_5_5_5_split_0.8	clients/wangxueping_alltax2/results/efs678_5_5_5_split_0.8
26	26	wangxueping_alltax2/efs678_5_5_5_split_2_3	clients/wangxueping_alltax2/results/efs678_5_5_5_split_2_3
26	26	wangxueping_alltax2/efs678_5_5_5_split_2_3_bak	clients/wangxueping_alltax2/results/efs678_5_5_5_split_2_3_bak
5	5	wangxueping_alltax2/efs678_origin	clients/wangxueping_alltax2/results/efs678_origin
6	6	wangxueping_alltax2/efs789_5_5_5_split_0.8	clients/wangxueping_alltax2/results/efs789_5_5_5_split_0.8
6	6	wangxueping_alltax2/efs789_5_5_5_split_2_3	clients/wangxueping_alltax2/results/efs789_5_5_5_split_2_3
5	5	wangxueping_alltax2/efs789_origin	clients/wangxueping_alltax2/results/efs789_origin
