clients/jinyu_20250211/legacy_mirror	0	0 B
clients/jinyu_20250729/legacy_mirror	0	0 B
clients/jinyu_20250908/legacy_mirror	0	0 B
clients/jinyu_scripts/legacy_mirror	0	0 B
clients/kangwenzhong/legacy_mirror	0	0 B
clients/kangwenzhong_delete_RE_15/legacy_mirror	0	0 B
clients/lilei_20260403/legacy_mirror	0	0 B
clients/lina_20251208_legacy/legacy_mirror	0	0 B
clients/lina_20260515/legacy_mirror	0	0 B
clients/lina_legacy/legacy_mirror	0	0 B
clients/lina_valid/legacy_mirror	0	0 B
clients/python_xgboost_shap/legacy_mirror	0	0 B
clients/wangxueping/legacy_mirror	0	0 B
clients/wangxueping_alltax/legacy_mirror	0	0 B
clients/wangxueping_alltax2/legacy_mirror	0	0 B
