"Package","Version","LibPath","Built"
"abind","1.4-8","/Library/Frameworks/R.framework/Versions/4.4-x86_64/Resources/library","4.4.1"
"ade4","1.7-23","/Library/Frameworks/R.framework/Versions/4.4-x86_64/Resources/library","4.4.1"
"ape","5.8-1","/Library/Frameworks/R.framework/Versions/4.4-x86_64/Resources/library","4.4.1"
"aplot","0.2.5","/Library/Frameworks/R.framework/Versions/4.4-x86_64/Resources/library","4.4.1"
"AsioHeaders","1.22.1-2","/Library/Frameworks/R.framework/Versions/4.4-x86_64/Resources/library","4.4.0"
"askpass","1.2.1","/Library/Frameworks/R.framework/Versions/4.4-x86_64/Resources/library","4.4.1"
"assertthat","0.2.1","/Library/Frameworks/R.framework/Versions/4.4-x86_64/Resources/library","4.4.0"
"backports","1.5.0","/Library/Frameworks/R.framework/Versions/4.4-x86_64/Resources/library","4.4.0"
"base","4.4.2","/Library/Frameworks/R.framework/Versions/4.4-x86_64/Resources/library","4.4.2"
"base64enc","0.1-3","/Library/Frameworks/R.framework/Versions/4.4-x86_64/Resources/library","4.4.0"
"bayesm","3.1-6","/Library/Frameworks/R.framework/Versions/4.4-x86_64/Resources/library","4.4.0"
"bbotk","1.5.0","/Library/Frameworks/R.framework/Versions/4.4-x86_64/Resources/library","4.4.1"
"Biobase","2.66.0","/Library/Frameworks/R.framework/Versions/4.4-x86_64/Resources/library","4.4.1"
"BiocGenerics","0.52.0","/Library/Frameworks/R.framework/Versions/4.4-x86_64/Resources/library","4.4.1"
"BiocManager","1.30.25","/Library/Frameworks/R.framework/Versions/4.4-x86_64/Resources/library","4.4.1"
"BiocVersion","3.20.0","/Library/Frameworks/R.framework/Versions/4.4-x86_64/Resources/library","4.4.1"
"biomformat","1.34.0","/Library/Frameworks/R.framework/Versions/4.4-x86_64/Resources/library","4.4.1"
"Biostrings","2.74.1","/Library/Frameworks/R.framework/Versions/4.4-x86_64/Resources/library","4.4.2"
"bit","4.6.0","/Library/Frameworks/R.framework/Versions/4.4-x86_64/Resources/library","4.4.1"
"bit64","4.6.0-1","/Library/Frameworks/R.framework/Versions/4.4-x86_64/Resources/library","4.4.1"
"bitops","1.0-9","/Library/Frameworks/R.framework/Versions/4.4-x86_64/Resources/library","4.4.1"
"blob","1.2.4","/Library/Frameworks/R.framework/Versions/4.4-x86_64/Resources/library","4.4.0"
"boot","1.3-31","/Library/Frameworks/R.framework/Versions/4.4-x86_64/Resources/library","4.4.2"
"Boruta","8.0.0","/Library/Frameworks/R.framework/Versions/4.4-x86_64/Resources/library","4.4.0"
"brew","1.0-10","/Library/Frameworks/R.framework/Versions/4.4-x86_64/Resources/library","4.4.0"
"brio","1.1.5","/Library/Frameworks/R.framework/Versions/4.4-x86_64/Resources/library","4.4.0"
"broom","1.0.7","/Library/Frameworks/R.framework/Versions/4.4-x86_64/Resources/library","4.4.1"
"bslib","0.9.0","/Library/Frameworks/R.framework/Versions/4.4-x86_64/Resources/library","4.4.1"
"cachem","1.1.0","/Library/Frameworks/R.framework/Versions/4.4-x86_64/Resources/library","4.4.0"
"callr","3.7.6","/Library/Frameworks/R.framework/Versions/4.4-x86_64/Resources/library","4.4.0"
"car","3.1-3","/Library/Frameworks/R.framework/Versions/4.4-x86_64/Resources/library","4.4.1"
"carData","3.0-5","/Library/Frameworks/R.framework/Versions/4.4-x86_64/Resources/library","4.4.0"
"cellranger","1.1.0","/Library/Frameworks/R.framework/Versions/4.4-x86_64/Resources/library","4.4.0"
"checkmate","2.3.2","/Library/Frameworks/R.framework/Versions/4.4-x86_64/Resources/library","4.4.0"
"chron","2.3-62","/Library/Frameworks/R.framework/Versions/4.4-x86_64/Resources/library","4.4.1"
"class","7.3-23","/Library/Frameworks/R.framework/Versions/4.4-x86_64/Resources/library","4.4.1"
"cli","3.6.4","/Library/Frameworks/R.framework/Versions/4.4-x86_64/Resources/library","4.4.1"
"clipr","0.8.0","/Library/Frameworks/R.framework/Versions/4.4-x86_64/Resources/library","4.4.0"
"clue","0.3-66","/Library/Frameworks/R.framework/Versions/4.4-x86_64/Resources/library","4.4.1"
"cluster","2.1.8.1","/Library/Frameworks/R.framework/Versions/4.4-x86_64/Resources/library","4.4.1"
"codetools","0.2-20","/Library/Frameworks/R.framework/Versions/4.4-x86_64/Resources/library","4.4.2"
"collections","0.3.7","/Library/Frameworks/R.framework/Versions/4.4-x86_64/Resources/library","4.4.0"
"colorspace","2.1-1","/Library/Frameworks/R.framework/Versions/4.4-x86_64/Resources/library","4.4.0"
"commonmark","1.9.5","/Library/Frameworks/R.framework/Versions/4.4-x86_64/Resources/library","4.4.1"
"compiler","4.4.2","/Library/Frameworks/R.framework/Versions/4.4-x86_64/Resources/library","4.4.2"
"compositions","2.0-8","/Library/Frameworks/R.framework/Versions/4.4-x86_64/Resources/library","4.4.0"
"conflicted","1.2.0","/Library/Frameworks/R.framework/Versions/4.4-x86_64/Resources/library","4.4.0"
"corrplot","0.95","/Library/Frameworks/R.framework/Versions/4.4-x86_64/Resources/library","4.4.1"
"cowplot","1.1.3","/Library/Frameworks/R.framework/Versions/4.4-x86_64/Resources/library","4.4.0"
"cpp11","0.5.2","/Library/Frameworks/R.framework/Versions/4.4-x86_64/Resources/library","4.4.1"
"crayon","1.5.3","/Library/Frameworks/R.framework/Versions/4.4-x86_64/Resources/library","4.4.0"
"credentials","2.0.2","/Library/Frameworks/R.framework/Versions/4.4-x86_64/Resources/library","4.4.1"
"curl","6.2.2","/Library/Frameworks/R.framework/Versions/4.4-x86_64/Resources/library","4.4.1"
"cyclocomp","1.1.1","/Library/Frameworks/R.framework/Versions/4.4-x86_64/Resources/library","4.4.0"
"data.table","1.17.0","/Library/Frameworks/R.framework/Versions/4.4-x86_64/Resources/library","4.4.1"
"DataExplorer","0.8.3","/Library/Frameworks/R.framework/Versions/4.4-x86_64/Resources/library","4.4.0"
"datasets","4.4.2","/Library/Frameworks/R.framework/Versions/4.4-x86_64/Resources/library","4.4.2"
"DBI","1.2.3","/Library/Frameworks/R.framework/Versions/4.4-x86_64/Resources/library","4.4.0"
"dbplyr","2.5.0","/Library/Frameworks/R.framework/Versions/4.4-x86_64/Resources/library","4.4.0"
"DEoptimR","1.1-3-1","/Library/Frameworks/R.framework/Versions/4.4-x86_64/Resources/library","4.4.1"
"Deriv","4.1.6","/Library/Frameworks/R.framework/Versions/4.4-x86_64/Resources/library","4.4.1"
"desc","1.4.3","/Library/Frameworks/R.framework/Versions/4.4-x86_64/Resources/library","4.4.0"
"devtools","2.4.5","/Library/Frameworks/R.framework/Versions/4.4-x86_64/Resources/library","4.4.0"
"diffobj","0.3.5","/Library/Frameworks/R.framework/Versions/4.4-x86_64/Resources/library","4.4.0"
"digest","0.6.37","/Library/Frameworks/R.framework/Versions/4.4-x86_64/Resources/library","4.4.1"
"diptest","0.77-1","/Library/Frameworks/R.framework/Versions/4.4-x86_64/Resources/library","4.4.0"
"doBy","4.6.25","/Library/Frameworks/R.framework/Versions/4.4-x86_64/Resources/library","4.4.1"
"downlit","0.4.4","/Library/Frameworks/R.framework/Versions/4.4-x86_64/Resources/library","4.4.0"
"dplyr","1.1.4","/Library/Frameworks/R.framework/Versions/4.4-x86_64/Resources/library","4.4.0"
"dtplyr","1.3.1","/Library/Frameworks/R.framework/Versions/4.4-x86_64/Resources/library","4.4.0"
"e1071","1.7-16","/Library/Frameworks/R.framework/Versions/4.4-x86_64/Resources/library","4.4.1"
"ellipsis","0.3.2","/Library/Frameworks/R.framework/Versions/4.4-x86_64/Resources/library","4.4.0"
"evaluate","1.0.3","/Library/Frameworks/R.framework/Versions/4.4-x86_64/Resources/library","4.4.1"
"exactRankTests","0.8-35","/Library/Frameworks/R.framework/Versions/4.4-x86_64/Resources/library","4.4.0"
"fansi","1.0.6","/Library/Frameworks/R.framework/Versions/4.4-x86_64/Resources/library","4.4.0"
"farver","2.1.2","/Library/Frameworks/R.framework/Versions/4.4-x86_64/Resources/library","4.4.0"
"fastmap","1.2.0","/Library/Frameworks/R.framework/Versions/4.4-x86_64/Resources/library","4.4.0"
"fastVoteR","0.0.1","/Library/Frameworks/R.framework/Versions/4.4-x86_64/Resources/library","4.4.1"
"flexmix","2.3-20","/Library/Frameworks/R.framework/Versions/4.4-x86_64/Resources/library","4.4.1"
"fontawesome","0.5.3","/Library/Frameworks/R.framework/Versions/4.4-x86_64/Resources/library","4.4.1"
"forcats","1.0.0","/Library/Frameworks/R.framework/Versions/4.4-x86_64/Resources/library","4.4.0"
"foreach","1.5.2","/Library/Frameworks/R.framework/Versions/4.4-x86_64/Resources/library","4.4.0"
"foreign","0.8-89","/Library/Frameworks/R.framework/Versions/4.4-x86_64/Resources/library","4.4.1"
"Formula","1.2-5","/Library/Frameworks/R.framework/Versions/4.4-x86_64/Resources/library","4.4.0"
"fpc","2.2-13","/Library/Frameworks/R.framework/Versions/4.4-x86_64/Resources/library","4.4.1"
"fs","1.6.5","/Library/Frameworks/R.framework/Versions/4.4-x86_64/Resources/library","4.4.1"
"future","1.34.0","/Library/Frameworks/R.framework/Versions/4.4-x86_64/Resources/library","4.4.0"
"future.apply","1.11.3","/Library/Frameworks/R.framework/Versions/4.4-x86_64/Resources/library","4.4.1"
"generics","0.1.3","/Library/Frameworks/R.framework/Versions/4.4-x86_64/Resources/library","4.4.0"
"GenomeInfoDb","1.42.3","/Library/Frameworks/R.framework/Versions/4.4-x86_64/Resources/library","4.4.2"
"GenomeInfoDbData","1.2.13","/Library/Frameworks/R.framework/Versions/4.4-x86_64/Resources/library","4.4.2"
"gert","2.1.5","/Library/Frameworks/R.framework/Versions/4.4-x86_64/Resources/library","4.4.1"
"getopt","1.20.4","/Library/Frameworks/R.framework/Versions/4.4-x86_64/Resources/library","4.4.0"
"ggfittext","0.10.2","/Library/Frameworks/R.framework/Versions/4.4-x86_64/Resources/library","4.4.0"
"ggfun","0.1.8","/Library/Frameworks/R.framework/Versions/4.4-x86_64/Resources/library","4.4.1"
"gggenes","0.5.1","/Library/Frameworks/R.framework/Versions/4.4-x86_64/Resources/library","4.4.0"
"ggnewscale","0.5.1","/Library/Frameworks/R.framework/Versions/4.4-x86_64/Resources/library","4.4.1"
"ggplot2","3.5.1","/Library/Frameworks/R.framework/Versions/4.4-x86_64/Resources/library","4.4.0"
"ggplotify","0.1.2","/Library/Frameworks/R.framework/Versions/4.4-x86_64/Resources/library","4.4.0"
"ggpubr","0.6.0","/Library/Frameworks/R.framework/Versions/4.4-x86_64/Resources/library","4.4.0"
"ggrepel","0.9.6","/Library/Frameworks/R.framework/Versions/4.4-x86_64/Resources/library","4.4.1"
"ggsci","3.2.0","/Library/Frameworks/R.framework/Versions/4.4-x86_64/Resources/library","4.4.0"
"ggsignif","0.6.4","/Library/Frameworks/R.framework/Versions/4.4-x86_64/Resources/library","4.4.0"
"ggtext","0.1.2","/Library/Frameworks/R.framework/Versions/4.4-x86_64/Resources/library","4.4.0"
"gh","1.4.1","/Library/Frameworks/R.framework/Versions/4.4-x86_64/Resources/library","4.4.0"
"gitcreds","0.1.2","/Library/Frameworks/R.framework/Versions/4.4-x86_64/Resources/library","4.4.1"
"glmnet","4.1-8","/Library/Frameworks/R.framework/Versions/4.4-x86_64/Resources/library","4.4.0"
"GlobalOptions","0.1.2","/Library/Frameworks/R.framework/Versions/4.4-x86_64/Resources/library","4.4.0"
"globals","0.16.3","/Library/Frameworks/R.framework/Versions/4.4-x86_64/Resources/library","4.4.0"
"glue","1.8.0","/Library/Frameworks/R.framework/Versions/4.4-x86_64/Resources/library","4.4.1"
"googledrive","2.1.1","/Library/Frameworks/R.framework/Versions/4.4-x86_64/Resources/library","4.4.0"
"googlesheets4","1.1.1","/Library/Frameworks/R.framework/Versions/4.4-x86_64/Resources/library","4.4.0"
"GPArotation","2024.3-1","/Library/Frameworks/R.framework/Versions/4.4-x86_64/Resources/library","4.4.0"
"gplots","3.2.0","/Library/Frameworks/R.framework/Versions/4.4-x86_64/Resources/library","4.4.1"
"graphics","4.4.2","/Library/Frameworks/R.framework/Versions/4.4-x86_64/Resources/library","4.4.2"
"grDevices","4.4.2","/Library/Frameworks/R.framework/Versions/4.4-x86_64/Resources/library","4.4.2"
"grid","4.4.2","/Library/Frameworks/R.framework/Versions/4.4-x86_64/Resources/library","4.4.2"
"gridExtra","2.3","/Library/Frameworks/R.framework/Versions/4.4-x86_64/Resources/library","4.4.0"
"gridGraphics","0.5-1","/Library/Frameworks/R.framework/Versions/4.4-x86_64/Resources/library","4.4.0"
"gridSVG","1.7-5","/Library/Frameworks/R.framework/Versions/4.4-x86_64/Resources/library","4.4.0"
"gridtext","0.1.5","/Library/Frameworks/R.framework/Versions/4.4-x86_64/Resources/library","4.4.0"
"gsubfn","0.7","/Library/Frameworks/R.framework/Versions/4.4-x86_64/Resources/library","4.4.0"
"gtable","0.3.6","/Library/Frameworks/R.framework/Versions/4.4-x86_64/Resources/library","4.4.1"
"gtools","3.9.5","/Library/Frameworks/R.framework/Versions/4.4-x86_64/Resources/library","4.4.0"
"haven","2.5.4","/Library/Frameworks/R.framework/Versions/4.4-x86_64/Resources/library","4.4.0"
"highr","0.11","/Library/Frameworks/R.framework/Versions/4.4-x86_64/Resources/library","4.4.0"
"Hmisc","5.2-3","/Library/Frameworks/R.framework/Versions/4.4-x86_64/Resources/library","4.4.1"
"hms","1.1.3","/Library/Frameworks/R.framework/Versions/4.4-x86_64/Resources/library","4.4.0"
"htmlTable","2.4.3","/Library/Frameworks/R.framework/Versions/4.4-x86_64/Resources/library","4.4.0"
"htmltools","0.5.8.1","/Library/Frameworks/R.framework/Versions/4.4-x86_64/Resources/library","4.4.0"
"htmlwidgets","1.6.4","/Library/Frameworks/R.framework/Versions/4.4-x86_64/Resources/library","4.4.0"
"httpgd","2.0.4","/Library/Frameworks/R.framework/Versions/4.4-x86_64/Resources/library","4.4.1"
"httpuv","1.6.15","/Library/Frameworks/R.framework/Versions/4.4-x86_64/Resources/library","4.4.0"
"httr","1.4.7","/Library/Frameworks/R.framework/Versions/4.4-x86_64/Resources/library","4.4.0"
"httr2","1.1.1","/Library/Frameworks/R.framework/Versions/4.4-x86_64/Resources/library","4.4.1"
"ids","1.0.1","/Library/Frameworks/R.framework/Versions/4.4-x86_64/Resources/library","4.4.0"
"igraph","2.1.4","/Library/Frameworks/R.framework/Versions/4.4-x86_64/Resources/library","4.4.1"
"ini","0.3.1","/Library/Frameworks/R.framework/Versions/4.4-x86_64/Resources/library","4.4.0"
"IRanges","2.40.1","/Library/Frameworks/R.framework/Versions/4.4-x86_64/Resources/library","4.4.2"
"isoband","0.2.7","/Library/Frameworks/R.framework/Versions/4.4-x86_64/Resources/library","4.4.0"
"iterators","1.0.14","/Library/Frameworks/R.framework/Versions/4.4-x86_64/Resources/library","4.4.0"
"jpeg","0.1-11","/Library/Frameworks/R.framework/Versions/4.4-x86_64/Resources/library","4.4.1"
"jquerylib","0.1.4","/Library/Frameworks/R.framework/Versions/4.4-x86_64/Resources/library","4.4.0"
"jsonlite","1.9.1","/Library/Frameworks/R.framework/Versions/4.4-x86_64/Resources/library","4.4.1"
"kableExtra","1.4.0","/Library/Frameworks/R.framework/Versions/4.4-x86_64/Resources/library","4.4.0"
"kernelshap","0.7.0","/Library/Frameworks/R.framework/Versions/4.4-x86_64/Resources/library","4.4.1"
"kernlab","0.9-33","/Library/Frameworks/R.framework/Versions/4.4-x86_64/Resources/library","4.4.1"
"KernSmooth","2.23-26","/Library/Frameworks/R.framework/Versions/4.4-x86_64/Resources/library","4.4.1"
"km.ci","0.5-6","/Library/Frameworks/R.framework/Versions/4.4-x86_64/Resources/library","4.4.0"
"KMsurv","0.1-5","/Library/Frameworks/R.framework/Versions/4.4-x86_64/Resources/library","4.4.0"
"knitr","1.50","/Library/Frameworks/R.framework/Versions/4.4-x86_64/Resources/library","4.4.1"
"labeling","0.4.3","/Library/Frameworks/R.framework/Versions/4.4-x86_64/Resources/library","4.4.0"
"languageserver","0.3.16","/Library/Frameworks/R.framework/Versions/4.4-x86_64/Resources/library","4.4.0"
"later","1.4.1","/Library/Frameworks/R.framework/Versions/4.4-x86_64/Resources/library","4.4.1"
"lattice","0.22-6","/Library/Frameworks/R.framework/Versions/4.4-x86_64/Resources/library","4.4.2"
"lazyeval","0.2.2","/Library/Frameworks/R.framework/Versions/4.4-x86_64/Resources/library","4.4.0"
"lgr","0.4.4","/Library/Frameworks/R.framework/Versions/4.4-x86_64/Resources/library","4.4.0"
"lifecycle","1.0.4","/Library/Frameworks/R.framework/Versions/4.4-x86_64/Resources/library","4.4.0"
"lightgbm","4.6.0","/Library/Frameworks/R.framework/Versions/4.4-x86_64/Resources/library","4.4.1"
"lintr","3.2.0","/Library/Frameworks/R.framework/Versions/4.4-x86_64/Resources/library","4.4.1"
"listenv","0.9.1","/Library/Frameworks/R.framework/Versions/4.4-x86_64/Resources/library","4.4.0"
"litedown","0.6","/Library/Frameworks/R.framework/Versions/4.4-x86_64/Resources/library","4.4.1"
"lme4","1.1-36","/Library/Frameworks/R.framework/Versions/4.4-x86_64/Resources/library","4.4.1"
"lubridate","1.9.4","/Library/Frameworks/R.framework/Versions/4.4-x86_64/Resources/library","4.4.1"
"magrittr","2.0.3","/Library/Frameworks/R.framework/Versions/4.4-x86_64/Resources/library","4.4.0"
"markdown","2.0","/Library/Frameworks/R.framework/Versions/4.4-x86_64/Resources/library","4.4.1"
"MASS","7.3-65","/Library/Frameworks/R.framework/Versions/4.4-x86_64/Resources/library","4.4.1"
"Matrix","1.7-3","/Library/Frameworks/R.framework/Versions/4.4-x86_64/Resources/library","4.4.1"
"MatrixModels","0.5-3","/Library/Frameworks/R.framework/Versions/4.4-x86_64/Resources/library","4.4.0"
"maxstat","0.7-25","/Library/Frameworks/R.framework/Versions/4.4-x86_64/Resources/library","4.4.0"
"mclust","6.1.1","/Library/Frameworks/R.framework/Versions/4.4-x86_64/Resources/library","4.4.0"
"memoise","2.0.1","/Library/Frameworks/R.framework/Versions/4.4-x86_64/Resources/library","4.4.0"
"methods","4.4.2","/Library/Frameworks/R.framework/Versions/4.4-x86_64/Resources/library","4.4.2"
"mgcv","1.9-1","/Library/Frameworks/R.framework/Versions/4.4-x86_64/Resources/library","4.4.2"
"microbenchmark","1.5.0","/Library/Frameworks/R.framework/Versions/4.4-x86_64/Resources/library","4.4.1"
"mime","0.13","/Library/Frameworks/R.framework/Versions/4.4-x86_64/Resources/library","4.4.1"
"miniUI","0.1.1.1","/Library/Frameworks/R.framework/Versions/4.4-x86_64/Resources/library","4.4.0"
"minqa","1.2.8","/Library/Frameworks/R.framework/Versions/4.4-x86_64/Resources/library","4.4.1"
"mlbench","2.1-6","/Library/Frameworks/R.framework/Versions/4.4-x86_64/Resources/library","4.4.1"
"mlr3","0.23.0","/Library/Frameworks/R.framework/Versions/4.4-x86_64/Resources/library","4.4.1"
"mlr3cluster","0.1.11","/Library/Frameworks/R.framework/Versions/4.4-x86_64/Resources/library","4.4.1"
"mlr3data","0.9.0","/Library/Frameworks/R.framework/Versions/4.4-x86_64/Resources/library","4.4.1"
"mlr3extralearners","1.0.0","/Library/Frameworks/R.framework/Versions/4.4-x86_64/Resources/library","4.4.2"
"mlr3filters","0.8.1","/Library/Frameworks/R.framework/Versions/4.4-x86_64/Resources/library","4.4.1"
"mlr3fselect","1.3.0","/Library/Frameworks/R.framework/Versions/4.4-x86_64/Resources/library","4.4.1"
"mlr3hyperband","0.6.0","/Library/Frameworks/R.framework/Versions/4.4-x86_64/Resources/library","4.4.0"
"mlr3inferr","0.1.0","/Library/Frameworks/R.framework/Versions/4.4-x86_64/Resources/library","4.4.1"
"mlr3learners","0.10.0","/Library/Frameworks/R.framework/Versions/4.4-x86_64/Resources/library","4.4.1"
"mlr3mbo","0.2.9","/Library/Frameworks/R.framework/Versions/4.4-x86_64/Resources/library","4.4.1"
"mlr3measures","1.0.0","/Library/Frameworks/R.framework/Versions/4.4-x86_64/Resources/library","4.4.1"
"mlr3misc","0.16.0","/Library/Frameworks/R.framework/Versions/4.4-x86_64/Resources/library","4.4.1"
"mlr3pipelines","0.7.2","/Library/Frameworks/R.framework/Versions/4.4-x86_64/Resources/library","4.4.1"
"mlr3tuning","1.3.0","/Library/Frameworks/R.framework/Versions/4.4-x86_64/Resources/library","4.4.1"
"mlr3tuningspaces","0.5.2","/Library/Frameworks/R.framework/Versions/4.4-x86_64/Resources/library","4.4.1"
"mlr3verse","0.3.1","/Library/Frameworks/R.framework/Versions/4.4-x86_64/Resources/library","4.4.1"
"mlr3viz","0.10.1","/Library/Frameworks/R.framework/Versions/4.4-x86_64/Resources/library","4.4.1"
"mltools","0.3.5","/Library/Frameworks/R.framework/Versions/4.4-x86_64/Resources/library","4.4.0"
"mnormt","2.1.1","/Library/Frameworks/R.framework/Versions/4.4-x86_64/Resources/library","4.4.0"
"modelr","0.1.11","/Library/Frameworks/R.framework/Versions/4.4-x86_64/Resources/library","4.4.0"
"modeltools","0.2-23","/Library/Frameworks/R.framework/Versions/4.4-x86_64/Resources/library","4.4.0"
"multcomp","1.4-28","/Library/Frameworks/R.framework/Versions/4.4-x86_64/Resources/library","4.4.1"
"multtest","2.62.0","/Library/Frameworks/R.framework/Versions/4.4-x86_64/Resources/library","4.4.1"
"munsell","0.5.1","/Library/Frameworks/R.framework/Versions/4.4-x86_64/Resources/library","4.4.0"
"mvtnorm","1.3-3","/Library/Frameworks/R.framework/Versions/4.4-x86_64/Resources/library","4.4.1"
"networkD3","0.4","/Library/Frameworks/R.framework/Versions/4.4-x86_64/Resources/library","4.4.0"
"nlme","3.1-167","/Library/Frameworks/R.framework/Versions/4.4-x86_64/Resources/library","4.4.1"
"nloptr","2.2.1","/Library/Frameworks/R.framework/Versions/4.4-x86_64/Resources/library","4.4.1"
"nnet","7.3-20","/Library/Frameworks/R.framework/Versions/4.4-x86_64/Resources/library","4.4.1"
"numDeriv","2016.8-1.1","/Library/Frameworks/R.framework/Versions/4.4-x86_64/Resources/library","4.4.0"
"openssl","2.3.2","/Library/Frameworks/R.framework/Versions/4.4-x86_64/Resources/library","4.4.1"
"openxlsx","4.2.8","/Library/Frameworks/R.framework/Versions/4.4-x86_64/Resources/library","4.4.1"
"optparse","1.7.5","/Library/Frameworks/R.framework/Versions/4.4-x86_64/Resources/library","4.4.0"
"pacman","0.5.1","/Library/Frameworks/R.framework/Versions/4.4-x86_64/Resources/library","4.4.0"
"palmerpenguins","0.1.1","/Library/Frameworks/R.framework/Versions/4.4-x86_64/Resources/library","4.4.0"
"paradox","1.0.1","/Library/Frameworks/R.framework/Versions/4.4-x86_64/Resources/library","4.4.0"
"parallel","4.4.2","/Library/Frameworks/R.framework/Versions/4.4-x86_64/Resources/library","4.4.2"
"parallelly","1.43.0","/Library/Frameworks/R.framework/Versions/4.4-x86_64/Resources/library","4.4.1"
"patchwork","1.3.0","/Library/Frameworks/R.framework/Versions/4.4-x86_64/Resources/library","4.4.1"
"pbkrtest","0.5.3","/Library/Frameworks/R.framework/Versions/4.4-x86_64/Resources/library","4.4.0"
"PerformanceAnalytics","2.0.8","/Library/Frameworks/R.framework/Versions/4.4-x86_64/Resources/library","4.4.1"
"permute","0.9-7","/Library/Frameworks/R.framework/Versions/4.4-x86_64/Resources/library","4.4.0"
"phyloseq","1.50.0","/Library/Frameworks/R.framework/Versions/4.4-x86_64/Resources/library","4.4.1"
"pillar","1.10.1","/Library/Frameworks/R.framework/Versions/4.4-x86_64/Resources/library","4.4.1"
"pixmap","0.4-13","/Library/Frameworks/R.framework/Versions/4.4-x86_64/Resources/library","4.4.0"
"pkgbuild","1.4.7","/Library/Frameworks/R.framework/Versions/4.4-x86_64/Resources/library","4.4.1"
"pkgconfig","2.0.3","/Library/Frameworks/R.framework/Versions/4.4-x86_64/Resources/library","4.4.0"
"pkgdown","2.1.1","/Library/Frameworks/R.framework/Versions/4.4-x86_64/Resources/library","4.4.1"
"pkgload","1.4.0","/Library/Frameworks/R.framework/Versions/4.4-x86_64/Resources/library","4.4.0"
"plogr","0.2.0","/Library/Frameworks/R.framework/Versions/4.4-x86_64/Resources/library","4.4.0"
"plotROC","2.3.1","/Library/Frameworks/R.framework/Versions/4.4-x86_64/Resources/library","4.4.0"
"plyr","1.8.9","/Library/Frameworks/R.framework/Versions/4.4-x86_64/Resources/library","4.4.0"
"png","0.1-8","/Library/Frameworks/R.framework/Versions/4.4-x86_64/Resources/library","4.4.0"
"polspline","1.1.25","/Library/Frameworks/R.framework/Versions/4.4-x86_64/Resources/library","4.4.0"
"polyclip","1.10-7","/Library/Frameworks/R.framework/Versions/4.4-x86_64/Resources/library","4.4.0"
"polynom","1.4-1","/Library/Frameworks/R.framework/Versions/4.4-x86_64/Resources/library","4.4.0"
"prabclus","2.3-4","/Library/Frameworks/R.framework/Versions/4.4-x86_64/Resources/library","4.4.1"
"praise","1.0.0","/Library/Frameworks/R.framework/Versions/4.4-x86_64/Resources/library","4.4.0"
"precrec","0.14.4","/Library/Frameworks/R.framework/Versions/4.4-x86_64/Resources/library","4.4.0"
"prettyunits","1.2.0","/Library/Frameworks/R.framework/Versions/4.4-x86_64/Resources/library","4.4.0"
"pROC","1.18.5","/Library/Frameworks/R.framework/Versions/4.4-x86_64/Resources/library","4.4.0"
"processx","3.8.6","/Library/Frameworks/R.framework/Versions/4.4-x86_64/Resources/library","4.4.1"
"profvis","0.4.0","/Library/Frameworks/R.framework/Versions/4.4-x86_64/Resources/library","4.4.1"
"progress","1.2.3","/Library/Frameworks/R.framework/Versions/4.4-x86_64/Resources/library","4.4.0"
"promises","1.3.2","/Library/Frameworks/R.framework/Versions/4.4-x86_64/Resources/library","4.4.1"
"proto","1.0.0","/Library/Frameworks/R.framework/Versions/4.4-x86_64/Resources/library","4.4.0"
"proxy","0.4-27","/Library/Frameworks/R.framework/Versions/4.4-x86_64/Resources/library","4.4.0"
"PRROC","1.4","/Library/Frameworks/R.framework/Versions/4.4-x86_64/Resources/library","4.4.1"
"ps","1.9.0","/Library/Frameworks/R.framework/Versions/4.4-x86_64/Resources/library","4.4.1"
"purrr","1.0.4","/Library/Frameworks/R.framework/Versions/4.4-x86_64/Resources/library","4.4.1"
"quadprog","1.5-8","/Library/Frameworks/R.framework/Versions/4.4-x86_64/Resources/library","4.4.0"
"quantreg","6.1","/Library/Frameworks/R.framework/Versions/4.4-x86_64/Resources/library","4.4.1"
"R.cache","0.16.0","/Library/Frameworks/R.framework/Versions/4.4-x86_64/Resources/library","4.4.0"
"R.methodsS3","1.8.2","/Library/Frameworks/R.framework/Versions/4.4-x86_64/Resources/library","4.4.0"
"R.oo","1.27.0","/Library/Frameworks/R.framework/Versions/4.4-x86_64/Resources/library","4.4.1"
"R.utils","2.13.0","/Library/Frameworks/R.framework/Versions/4.4-x86_64/Resources/library","4.4.1"
"R6","2.6.1","/Library/Frameworks/R.framework/Versions/4.4-x86_64/Resources/library","4.4.1"
"ragg","1.3.3","/Library/Frameworks/R.framework/Versions/4.4-x86_64/Resources/library","4.4.1"
"randomForest","4.7-1.2","/Library/Frameworks/R.framework/Versions/4.4-x86_64/Resources/library","4.4.1"
"ranger","0.17.0","/Library/Frameworks/R.framework/Versions/4.4-x86_64/Resources/library","4.4.1"
"rappdirs","0.3.3","/Library/Frameworks/R.framework/Versions/4.4-x86_64/Resources/library","4.4.0"
"rbibutils","2.3","/Library/Frameworks/R.framework/Versions/4.4-x86_64/Resources/library","4.4.1"
"rcmdcheck","1.4.0","/Library/Frameworks/R.framework/Versions/4.4-x86_64/Resources/library","4.4.0"
"RColorBrewer","1.1-3","/Library/Frameworks/R.framework/Versions/4.4-x86_64/Resources/library","4.4.0"
"Rcpp","1.0.14","/Library/Frameworks/R.framework/Versions/4.4-x86_64/Resources/library","4.4.1"
"RcppArmadillo","14.4.0-1","/Library/Frameworks/R.framework/Versions/4.4-x86_64/Resources/library","4.4.1"
"RcppEigen","0.3.4.0.2","/Library/Frameworks/R.framework/Versions/4.4-x86_64/Resources/library","4.4.1"
"Rdpack","2.6.3","/Library/Frameworks/R.framework/Versions/4.4-x86_64/Resources/library","4.4.1"
"readr","2.1.5","/Library/Frameworks/R.framework/Versions/4.4-x86_64/Resources/library","4.4.0"
"readxl","1.4.5","/Library/Frameworks/R.framework/Versions/4.4-x86_64/Resources/library","4.4.1"
"reformulas","0.4.0","/Library/Frameworks/R.framework/Versions/4.4-x86_64/Resources/library","4.4.1"
"rematch","2.0.0","/Library/Frameworks/R.framework/Versions/4.4-x86_64/Resources/library","4.4.0"
"rematch2","2.1.2","/Library/Frameworks/R.framework/Versions/4.4-x86_64/Resources/library","4.4.0"
"remotes","2.5.0","/Library/Frameworks/R.framework/Versions/4.4-x86_64/Resources/library","4.4.0"
"repr","1.1.7","/Library/Frameworks/R.framework/Versions/4.4-x86_64/Resources/library","4.4.0"
"reprex","2.1.1","/Library/Frameworks/R.framework/Versions/4.4-x86_64/Resources/library","4.4.0"
"reshape2","1.4.4","/Library/Frameworks/R.framework/Versions/4.4-x86_64/Resources/library","4.4.0"
"rex","1.2.1","/Library/Frameworks/R.framework/Versions/4.4-x86_64/Resources/library","4.4.0"
"rhdf5","2.50.2","/Library/Frameworks/R.framework/Versions/4.4-x86_64/Resources/library","4.4.2"
"rhdf5filters","1.18.1","/Library/Frameworks/R.framework/Versions/4.4-x86_64/Resources/library","4.4.3"
"Rhdf5lib","1.28.0","/Library/Frameworks/R.framework/Versions/4.4-x86_64/Resources/library","4.4.1"
"rlang","1.1.5","/Library/Frameworks/R.framework/Versions/4.4-x86_64/Resources/library","4.4.1"
"rmarkdown","2.29","/Library/Frameworks/R.framework/Versions/4.4-x86_64/Resources/library","4.4.1"
"rms","7.0-0","/Library/Frameworks/R.framework/Versions/4.4-x86_64/Resources/library","4.4.1"
"robustbase","0.99-4-1","/Library/Frameworks/R.framework/Versions/4.4-x86_64/Resources/library","4.4.1"
"roxygen2","7.3.2","/Library/Frameworks/R.framework/Versions/4.4-x86_64/Resources/library","4.4.0"
"rpart","4.1.24","/Library/Frameworks/R.framework/Versions/4.4-x86_64/Resources/library","4.4.1"
"rprojroot","2.0.4","/Library/Frameworks/R.framework/Versions/4.4-x86_64/Resources/library","4.4.0"
"rstatix","0.7.2","/Library/Frameworks/R.framework/Versions/4.4-x86_64/Resources/library","4.4.0"
"rstudioapi","0.17.1","/Library/Frameworks/R.framework/Versions/4.4-x86_64/Resources/library","4.4.1"
"rversions","2.1.2","/Library/Frameworks/R.framework/Versions/4.4-x86_64/Resources/library","4.4.0"
"rvest","1.0.4","/Library/Frameworks/R.framework/Versions/4.4-x86_64/Resources/library","4.4.0"
"S4Vectors","0.44.0","/Library/Frameworks/R.framework/Versions/4.4-x86_64/Resources/library","4.4.1"
"sandwich","3.1-1","/Library/Frameworks/R.framework/Versions/4.4-x86_64/Resources/library","4.4.1"
"sass","0.4.9","/Library/Frameworks/R.framework/Versions/4.4-x86_64/Resources/library","4.4.0"
"scales","1.3.0","/Library/Frameworks/R.framework/Versions/4.4-x86_64/Resources/library","4.4.0"
"selectr","0.4-2","/Library/Frameworks/R.framework/Versions/4.4-x86_64/Resources/library","4.4.0"
"sessioninfo","1.2.3","/Library/Frameworks/R.framework/Versions/4.4-x86_64/Resources/library","4.4.1"
"shades","1.4.0","/Library/Frameworks/R.framework/Versions/4.4-x86_64/Resources/library","4.4.0"
"shape","1.4.6.1","/Library/Frameworks/R.framework/Versions/4.4-x86_64/Resources/library","4.4.0"
"shapviz","0.9.7","/Library/Frameworks/R.framework/Versions/4.4-x86_64/Resources/library","4.4.1"
"shiny","1.10.0","/Library/Frameworks/R.framework/Versions/4.4-x86_64/Resources/library","4.4.1"
"showtext","0.9-7","/Library/Frameworks/R.framework/Versions/4.4-x86_64/Resources/library","4.4.0"
"showtextdb","3.0","/Library/Frameworks/R.framework/Versions/4.4-x86_64/Resources/library","4.4.0"
"skimr","2.1.5","/Library/Frameworks/R.framework/Versions/4.4-x86_64/Resources/library","4.4.0"
"sourcetools","0.1.7-1","/Library/Frameworks/R.framework/Versions/4.4-x86_64/Resources/library","4.4.0"
"sp","2.2-0","/Library/Frameworks/R.framework/Versions/4.4-x86_64/Resources/library","4.4.1"
"spacefillr","0.4.0","/Library/Frameworks/R.framework/Versions/4.4-x86_64/Resources/library","4.4.1"
"SparseM","1.84-2","/Library/Frameworks/R.framework/Versions/4.4-x86_64/Resources/library","4.4.0"
"spatial","7.3-18","/Library/Frameworks/R.framework/Versions/4.4-x86_64/Resources/library","4.4.1"
"splines","4.4.2","/Library/Frameworks/R.framework/Versions/4.4-x86_64/Resources/library","4.4.2"
"sqldf","0.4-11","/Library/Frameworks/R.framework/Versions/4.4-x86_64/Resources/library","4.4.0"
"stabm","1.2.2","/Library/Frameworks/R.framework/Versions/4.4-x86_64/Resources/library","4.4.0"
"stats","4.4.2","/Library/Frameworks/R.framework/Versions/4.4-x86_64/Resources/library","4.4.2"
"stats4","4.4.2","/Library/Frameworks/R.framework/Versions/4.4-x86_64/Resources/library","4.4.2"
"stringi","1.8.4","/Library/Frameworks/R.framework/Versions/4.4-x86_64/Resources/library","4.4.0"
"stringr","1.5.1","/Library/Frameworks/R.framework/Versions/4.4-x86_64/Resources/library","4.4.0"
"styler","1.10.3","/Library/Frameworks/R.framework/Versions/4.4-x86_64/Resources/library","4.4.0"
"survival","3.8-3","/Library/Frameworks/R.framework/Versions/4.4-x86_64/Resources/library","4.4.1"
"survminer","0.5.0","/Library/Frameworks/R.framework/Versions/4.4-x86_64/Resources/library","4.4.1"
"survMisc","0.5.6","/Library/Frameworks/R.framework/Versions/4.4-x86_64/Resources/library","4.4.1"
"svglite","2.1.3","/Library/Frameworks/R.framework/Versions/4.4-x86_64/Resources/library","4.4.0"
"sys","3.4.3","/Library/Frameworks/R.framework/Versions/4.4-x86_64/Resources/library","4.4.1"
"sysfonts","0.8.9","/Library/Frameworks/R.framework/Versions/4.4-x86_64/Resources/library","4.4.0"
"systemfonts","1.2.1","/Library/Frameworks/R.framework/Versions/4.4-x86_64/Resources/library","4.4.1"
"tcltk","4.4.2","/Library/Frameworks/R.framework/Versions/4.4-x86_64/Resources/library","4.4.2"
"tensorA","0.36.2.1","/Library/Frameworks/R.framework/Versions/4.4-x86_64/Resources/library","4.4.0"
"testthat","3.2.3","/Library/Frameworks/R.framework/Versions/4.4-x86_64/Resources/library","4.4.1"
"textshaping","1.0.0","/Library/Frameworks/R.framework/Versions/4.4-x86_64/Resources/library","4.4.1"
"TH.data","1.1-3","/Library/Frameworks/R.framework/Versions/4.4-x86_64/Resources/library","4.4.1"
"tibble","3.2.1","/Library/Frameworks/R.framework/Versions/4.4-x86_64/Resources/library","4.4.0"
"tidygraph","1.3.1","/Library/Frameworks/R.framework/Versions/4.4-x86_64/Resources/library","4.4.0"
"tidyr","1.3.1","/Library/Frameworks/R.framework/Versions/4.4-x86_64/Resources/library","4.4.0"
"tidyselect","1.2.1","/Library/Frameworks/R.framework/Versions/4.4-x86_64/Resources/library","4.4.0"
"tidyverse","2.0.0","/Library/Frameworks/R.framework/Versions/4.4-x86_64/Resources/library","4.4.0"
"timechange","0.3.0","/Library/Frameworks/R.framework/Versions/4.4-x86_64/Resources/library","4.4.0"
"tinytex","0.56","/Library/Frameworks/R.framework/Versions/4.4-x86_64/Resources/library","4.4.1"
"tools","4.4.2","/Library/Frameworks/R.framework/Versions/4.4-x86_64/Resources/library","4.4.2"
"treeshap","0.3.1","/Library/Frameworks/R.framework/Versions/4.4-x86_64/Resources/library","4.4.0"
"tweenr","2.0.3","/Library/Frameworks/R.framework/Versions/4.4-x86_64/Resources/library","4.4.0"
"tzdb","0.5.0","/Library/Frameworks/R.framework/Versions/4.4-x86_64/Resources/library","4.4.1"
"UCSC.utils","1.2.0","/Library/Frameworks/R.framework/Versions/4.4-x86_64/Resources/library","4.4.1"
"unigd","0.1.3","/Library/Frameworks/R.framework/Versions/4.4-x86_64/Resources/library","4.4.1"
"urlchecker","1.0.1","/Library/Frameworks/R.framework/Versions/4.4-x86_64/Resources/library","4.4.0"
"usethis","3.1.0","/Library/Frameworks/R.framework/Versions/4.4-x86_64/Resources/library","4.4.1"
"utf8","1.2.4","/Library/Frameworks/R.framework/Versions/4.4-x86_64/Resources/library","4.4.0"
"utils","4.4.2","/Library/Frameworks/R.framework/Versions/4.4-x86_64/Resources/library","4.4.2"
"uuid","1.2-1","/Library/Frameworks/R.framework/Versions/4.4-x86_64/Resources/library","4.4.0"
"vctrs","0.6.5","/Library/Frameworks/R.framework/Versions/4.4-x86_64/Resources/library","4.4.0"
"vegan","2.6-10","/Library/Frameworks/R.framework/Versions/4.4-x86_64/Resources/library","4.4.1"
"viridis","0.6.5","/Library/Frameworks/R.framework/Versions/4.4-x86_64/Resources/library","4.4.0"
"viridisLite","0.4.2","/Library/Frameworks/R.framework/Versions/4.4-x86_64/Resources/library","4.4.0"
"vroom","1.6.5","/Library/Frameworks/R.framework/Versions/4.4-x86_64/Resources/library","4.4.0"
"vscDebugger","0.5.3","/Library/Frameworks/R.framework/Versions/4.4-x86_64/Resources/library","4.4.2"
"waldo","0.6.1","/Library/Frameworks/R.framework/Versions/4.4-x86_64/Resources/library","4.4.1"
"whisker","0.4.1","/Library/Frameworks/R.framework/Versions/4.4-x86_64/Resources/library","4.4.0"
"withr","3.0.2","/Library/Frameworks/R.framework/Versions/4.4-x86_64/Resources/library","4.4.1"
"xfun","0.51","/Library/Frameworks/R.framework/Versions/4.4-x86_64/Resources/library","4.4.1"
"xgboost","1.7.8.1","/Library/Frameworks/R.framework/Versions/4.4-x86_64/Resources/library","4.4.0"
"XML","3.99-0.18","/Library/Frameworks/R.framework/Versions/4.4-x86_64/Resources/library","4.4.1"
"xml2","1.3.8","/Library/Frameworks/R.framework/Versions/4.4-x86_64/Resources/library","4.4.1"
"xmlparsedata","1.0.5","/Library/Frameworks/R.framework/Versions/4.4-x86_64/Resources/library","4.4.0"
"xopen","1.0.1","/Library/Frameworks/R.framework/Versions/4.4-x86_64/Resources/library","4.4.0"
"xtable","1.8-4","/Library/Frameworks/R.framework/Versions/4.4-x86_64/Resources/library","4.4.1"
"xts","0.14.1","/Library/Frameworks/R.framework/Versions/4.4-x86_64/Resources/library","4.4.1"
"XVector","0.46.0","/Library/Frameworks/R.framework/Versions/4.4-x86_64/Resources/library","4.4.1"
"yaml","2.3.10","/Library/Frameworks/R.framework/Versions/4.4-x86_64/Resources/library","4.4.0"
"yulab.utils","0.2.0","/Library/Frameworks/R.framework/Versions/4.4-x86_64/Resources/library","4.4.1"
"zip","2.3.2","/Library/Frameworks/R.framework/Versions/4.4-x86_64/Resources/library","4.4.1"
"zlibbioc","1.52.0","/Library/Frameworks/R.framework/Versions/4.4-x86_64/Resources/library","4.4.1"
"zoo","1.8-13","/Library/Frameworks/R.framework/Versions/4.4-x86_64/Resources/library","4.4.1"
